,source_id,relation,target_id
0,u980749991491682304,followers,u1480979504696864775
1,u105387876,following,u402576793
2,u148520716,following,u59653593
3,u1276438425457967110,following,u1389155636693381120
4,u1445432327367237638,following,u848348952084828160
5,u1445432327367237638,following,u850507814023942144
6,u1078324065532764166,following,u781676758932262912
7,u3185512585,following,u19376807
8,u246495872,following,u66780587
9,u2704715387,followers,u1483909830159085571
10,u4311016395,following,u1281203928
11,u3254857712,following,u876448351268380672
12,u1108086217088724992,following,u213169506
13,u2750548111,following,u25030647
14,u33746386,following,u22730752
15,u1093530573140824064,following,u103865085
16,u1295463204924067840,following,u103865085
17,u753165526566899713,followers,u1484420078
18,u243286973,following,u41405898
19,u81635029,following,u905563470707515394
20,u3225863298,following,u742143
21,u114820052,followers,u18876842
22,u75975034,following,u2933188356
23,u443288053,following,u70615294
24,u30364057,following,u892219807
25,u16834046,following,u37666984
26,u44371088,following,u14320571
27,u834860341553041408,following,u23092822
28,u1924484352,followers,u3408319427
29,u5932762,followers,u1005804188238934017
30,u521747968,following,u50073507
31,u1111417706,following,u4690350990
32,u5932762,followers,u1030960674032119809
33,u5932762,followers,u963065581439086593
34,u1297627095330242561,following,u567360618
35,u18783525,followers,u17583795
36,u14914101,followers,u1281284856127897604
37,u28896955,following,u1951553371
38,u1014513206478426112,followers,u2234457766
39,u795890560884244480,following,u300235624
40,u251372955,followers,u262343673
41,u4702650451,following,u233036802
42,u748528569064710145,following,u742143
43,u259371777,following,u7065382
44,u14351515,following,u994271837361061888
45,u14351515,following,u1070381494999236608
46,u995329809822765058,followers,u1395262745159815174
47,u1540623062,followers,u1384977450849996804
48,u15231287,following,u130620969
49,u1123606100413014016,followers,u263365424
50,u1341742829257764864,following,u547383156
51,u900263295143231488,following,u2208027565
52,u376044283,following,u236554385
53,u1453465643450310667,following,u14813320
54,u1087910503924535297,following,u594661781
55,u1214528593,following,u75958753
56,u2172525175,followers,u951751049391558656
57,u1438341642,following,u416963802
58,u1301564443910975489,followers,u27635954
59,u4765364386,following,u19188848
60,u586933624,following,u115322488
61,u1233813128556765186,following,u33884545
62,u32492934,followers,u165863499
63,u1396823248327823364,following,u2825844172
64,u29458079,following,u52136185
65,u827804715002056705,following,u1530798872
66,u1374442198637285385,followers,u1317053951993401349
67,u788533935886077952,followers,u1136185025068752896
68,u3287999704,followers,u1029392984842719233
69,u107770718,followers,u1483899937830146058
70,u3160713703,following,u2391945348
71,u1381286723859017728,following,u839262857032155137
72,u997082422435921920,following,u1318555511437037569
73,u625655093,following,u141163282
74,u952913425713086464,following,u1230901162880176129
75,u713090149609934848,following,u1185024207350046721
76,u1357008960423751680,following,u986298443051089921
77,u1220719656698146816,following,u1243326312707571713
78,u1326529358962388992,following,u1246021251212034049
79,u1012124895088726016,following,u1599552121
80,u744076104818790400,following,u1071223986632171521
81,u634076028,following,u543888790
82,u975735690498596864,following,u779149093
83,u417053258,followers,u36333739
84,u1972539134,following,u14159456
85,u890590789813841920,following,u597868047
86,u1205849469314576384,following,u597868047
87,u26054240,following,u33995409
88,u15221598,following,u1477863296225054720
89,u15221598,following,u1367057849738661888
90,u926332703284310016,following,u597868047
91,u3128688292,followers,u1131862796105388033
92,u1169879005408817153,followers,u1130945249659039744
93,u3010686120,following,u19079210
94,u173150263,following,u359047792
95,u2385884246,followers,u2865007695
96,u46276118,followers,u2726856502
97,u853092620,following,u91591930
98,u1068504447469477890,following,u1082896290
99,u872518859152125952,following,u438638149
100,u16113639,following,u22239212
101,u1428496685525872647,following,u2569962636
102,u58880930,followers,u290705256
103,u9776092,following,u1294737900236681223
104,u298087863,following,u44647492
105,u15078456,following,u1413537993785331721
106,u1322387371392839683,following,u990433714948661250
107,u3624591555,followers,u1089453869568974848
108,u35034750,followers,u1408791409780473870
109,u123231225,followers,u1167120000286523392
110,u193659574,following,u3375020817
111,u1116175320833355776,following,u15284488
112,u159169086,followers,u2372296831
113,u1002287910064934917,following,u41314673
114,u4763858353,following,u1268712677486067712
115,u4763858353,following,u1248384246059859968
116,u176066335,following,u302666251
117,u60856903,following,u470154698
118,u83011510,following,u134799789
119,u37100077,following,u790287205
120,u2879710385,following,u1356248804899565569
121,u71064211,following,u186134875
122,u3025143731,followers,u941102447686180869
123,u381289719,followers,u329342299
124,u815162980396568576,following,u2800780073
125,u1170507797160554497,following,u1403739641728012288
126,u3158071445,followers,u352289827
127,u272936200,following,u1156022056015806464
128,u940543515548717056,following,u44950782
129,u1111996925539172352,following,u76941017
130,u16674128,following,u20552026
131,u493434961,following,u20439102
132,u102594136,following,u18730427
133,u18839785,following,u1274690550
134,u3741979273,followers,u1338871486183051269
135,u4041824789,following,u15392486
136,u1301635162967429120,followers,u792043180258570240
137,u181698327,followers,u725576392537067520
138,u1135162760097087489,followers,u1389876718047875073
139,u703967809974439938,followers,u234133984
140,u103989154,followers,u1117675617376358400
141,u48166977,following,u96323735
142,u1480258328907419653,following,u1390206062243061763
143,u111533746,following,u141785419
144,u4778117175,following,u34232449
145,u1921682646,followers,u2151774565
146,u336161339,following,u180485567
147,u3292745711,following,u42208855
148,u131367777,following,u384951307
149,u3686545036,following,u236495610
150,u930833035091640320,following,u949237429784936448
151,u121895573,followers,u2819957384
152,u1189125779717836800,following,u52824038
153,u935152012576067585,followers,u457102747
154,u1197776407641935872,following,u347986369
155,u1103959473058734080,following,u2504516154
156,u836678619166486529,followers,u43093494
157,u478472165,following,u15644999
158,u2546418373,followers,u1278589381553426433
159,u540009358,following,u86626845
160,u20254396,followers,u1606893822
161,u794815,following,u708805895258574849
162,u794815,following,u1326575156643434497
163,u373715406,following,u2067661
164,u14238165,following,u229195516
165,u4159171732,following,u546007186
166,u717021859787702274,following,u68132773
167,u92590553,following,u37251672
168,u2302407500,followers,u3315496315
169,u121853212,followers,u853937986936991747
170,u1194202635114557440,following,u2499289070
171,u121853212,followers,u1326828867156406275
172,u159169086,following,u21540543
173,u1314101,following,u2967221722
174,u205392468,following,u15324851
175,u227701742,following,u15400294
176,u329818631,following,u1153342828149379074
177,u756129,followers,u775485757679017985
178,u443008648,following,u24922691
179,u1060731290,followers,u1924550256
180,u974697596085329921,followers,u133836828
181,u1091340300151390209,following,u38669987
182,u1183060277979439104,following,u2579055906
183,u981062594,following,u145008401
184,u20436059,following,u123926499
185,u1235956746151235586,following,u1283518335603421199
186,u2956121356,followers,u1442861452084191235
187,u220057455,following,u31130787
188,u607831012,following,u21457289
189,u125726857,following,u14125005
190,u461715115,followers,u34626287
191,u337664967,following,u780573464776151040
192,u87473622,following,u898538970
193,u1483842600943689732,following,u4472970994
194,u2272426664,following,u1244802760345821184
195,u2272426664,following,u1223234820517568512
196,u1361391454237597696,followers,u750848688675782657
197,u12366502,following,u16708242
198,u2865100348,following,u1575833161
199,u27311044,following,u18810634
200,u130344472,following,u19192943
201,u878315447048839168,followers,u808051518242979841
202,u18718949,following,u509604039
203,u602142693,following,u155176391
204,u47087250,followers,u863109518
205,u1370809310599643142,following,u1356953722581090306
206,u52433078,following,u15426691
207,u850283620447248384,following,u1354678015
208,u940367275,following,u15035863
209,u573890421,following,u1328164399098433536
210,u1107734489818714113,followers,u2445926971
211,u909451577999724544,followers,u540223123
212,u18009781,following,u251686253
213,u1063595899153199104,followers,u160634046
214,u40281983,following,u69677613
215,u1163022206,followers,u757833847572574208
216,u633067413,following,u15898172
217,u16232185,following,u3308911992
218,u2205195902,following,u1306273095318110211
219,u3568748296,followers,u4577380095
220,u1148327245800443904,following,u153386919
221,u18739443,following,u1301116969043800064
222,u33656249,followers,u987541419588964352
223,u2264368966,followers,u19783561
224,u148465548,followers,u244571744
225,u621543,followers,u1482755267506941952
226,u621543,followers,u1480199599889526784
227,u14243046,followers,u1484108766161387524
228,u90652918,following,u17689719
229,u8724862,followers,u225669068
230,u1136840119866945536,followers,u1216635682011205633
231,u1440753277654630407,following,u19052532
232,u932847441316999169,following,u202355029
233,u3561566772,followers,u2678253282
234,u738722545638072321,following,u23116280
235,u820337659218423808,following,u15468231
236,u1253834003871936513,followers,u134518138
237,u447342992,followers,u1032407610119663616
238,u447342992,followers,u1475871142619623424
239,u92764064,following,u18567348
240,u447342992,followers,u1280332915885453312
241,u3305395701,following,u297102985
242,u2415767978,followers,u1207034254489731073
243,u12755622,following,u17006500
244,u252751061,following,u20419538
245,u1129098630508568576,following,u1258072773957566464
246,u251523455,following,u21460063
247,u1433385218,followers,u225506157
248,u2415767978,followers,u700435442982895617
249,u5408622,following,u5943622
250,u161801527,following,u25098482
251,u2420379249,following,u1391143768133414916
252,u17337716,following,u1333915379270291456
253,u21713848,followers,u246380574
254,u276271004,following,u9224902
255,u4848270033,following,u15485441
256,u16012783,following,u104267638
257,u1447643422731522057,following,u122080635
258,u183280073,followers,u1356411
259,u38573578,following,u3782197168
260,u2328108632,following,u110326494
261,u1249100467,following,u756505518420660225
262,u7637292,followers,u1164464202846625792
263,u7637292,followers,u1251631538975858688
264,u2975579890,following,u1100083946250035200
265,u1400517288,following,u15154811
266,u2975579890,following,u1006419421244678144
267,u1253834003871936513,followers,u3029951
268,u2859456143,following,u2609500020
269,u1480736913594077185,following,u271467156
270,u21127724,following,u23027237
271,u2778549348,following,u1536637417
272,u1540623062,following,u334448097
273,u149627584,following,u19700387
274,u1622615089,following,u927712304367652865
275,u158914930,followers,u6628662
276,u90497345,following,u20248093
277,u1051795722,following,u1484456705836691458
278,u57374265,following,u9149832
279,u322347431,following,u3285119581
280,u661403,following,u636023721
281,u2370911419,followers,u3227977716
282,u258972661,followers,u311369164
283,u978295966330736640,following,u1704085728
284,u233543994,following,u443723266
285,u2767708441,following,u25029495
286,u379953676,followers,u28273986
287,u1009248690,followers,u26889413
288,u211846493,following,u185117112
289,u15778644,followers,u520336880
290,u1118102668889575424,followers,u1091479567800459264
291,u901303999529312256,following,u28929936
292,u50722668,followers,u213602358
293,u8198012,following,u720979091785195520
294,u1269068431862763525,followers,u2992428899
295,u587303527,followers,u966290567138291712
296,u2236496488,following,u618861896
297,u1725198458,following,u20376080
298,u27503534,followers,u3242991169
299,u1231267236360458243,following,u2160851234
300,u1081272693931102208,following,u2424151074
301,u84061973,following,u12741082
302,u69080516,following,u1288525165219975168
303,u69080516,following,u1255809642950725632
304,u1039233251162943489,following,u198213394
305,u15812228,following,u1707321486
306,u2571330897,following,u1153081055798276099
307,u1094744424612052992,followers,u4171469573
308,u5750832,followers,u3074565520
309,u492345005,followers,u726230924
310,u1083465257077608451,following,u3015337139
311,u721723453041156097,following,u32386320
312,u236750658,following,u969918307452190720
313,u1142010313782546437,following,u84637837
314,u1441761075527970828,following,u1004693350254108672
315,u2838767611,followers,u188457238
316,u54588816,following,u28175577
317,u1067392466,followers,u87269548
318,u945957031323639808,following,u428333
319,u1132025035936260096,following,u51241574
320,u133141968,following,u19790013
321,u815656520193024000,followers,u4663491629
322,u2890770580,followers,u963734392018472961
323,u16232185,followers,u1136617467151814657
324,u1454769052203716608,following,u39547749
325,u380599418,following,u19267015
326,u1391335882406383618,following,u3740778132
327,u2637036385,following,u3131273385
328,u636023721,following,u70205946
329,u246575950,following,u14293310
330,u272682658,following,u1002638800575782912
331,u272682658,following,u1090701843896983552
332,u264399952,following,u111305843
333,u922230051168538624,following,u63217543
334,u300744831,following,u15224867
335,u2623061992,following,u270064609
336,u512629559,following,u19834221
337,u822845135293714433,following,u14130366
338,u772876897613189121,following,u14130366
339,u16028241,following,u33601080
340,u2920075966,following,u18728897
341,u17004618,following,u42103301
342,u874910671133081601,followers,u17396170
343,u2497812405,following,u986826858
344,u5750832,following,u2412897384
345,u3135485645,following,u67611162
346,u1105691940,following,u1459126464931008520
347,u100055123,following,u230328306
348,u1123233500369281024,followers,u843796077799243776
349,u1174247613509636098,following,u85691651
350,u881615056437297152,following,u27493883
351,u43879159,following,u29283
352,u59574994,followers,u862974992
353,u61753445,following,u234694571
354,u797474812004331520,following,u220998706
355,u1482786634072473609,following,u17842366
356,u22016237,following,u17939037
357,u807175975423373312,following,u220998706
358,u1007218217633361920,followers,u1170507797160554497
359,u1364162464531775491,following,u2263270123
360,u36771809,following,u65704273
361,u1389961515705454597,following,u1198220655348649985
362,u91334387,followers,u54611661
363,u16245822,followers,u746774587623497729
364,u45827605,following,u3332231
365,u712696265071407104,following,u1224791466515369984
366,u1304728654707122176,following,u769474217087754240
367,u14293310,followers,u1106178800918953984
368,u45891623,following,u249608059
369,u1422330775777730564,following,u301970484
370,u15078456,following,u2460047754
371,u152731757,following,u30026226
372,u2314443930,following,u4939401
373,u300417038,following,u6206612
374,u17755145,following,u18967418
375,u17468298,following,u14748551
376,u553932856,following,u90379747
377,u36125948,following,u5392522
378,u1171484900412706816,followers,u227993907
379,u203250712,following,u73971750
380,u408665753,following,u2803621
381,u27193112,following,u420652554
382,u115763683,following,u322601789
383,u106360393,followers,u1281470187431235585
384,u191190317,followers,u957273171773808640
385,u94120744,following,u35315192
386,u191190317,followers,u1126457618027962368
387,u839492111603019776,following,u219837922
388,u358886250,following,u432015305
389,u191190317,followers,u987753310441627648
390,u14310733,following,u384031846
391,u154728787,following,u69181624
392,u1350584984604561411,following,u196345622
393,u20690800,following,u115763683
394,u19732234,following,u18569484
395,u251207983,following,u560473379
396,u727767097879764993,following,u19721574
397,u1085563848,following,u53198585
398,u67934203,following,u49733381
399,u1412178678,followers,u611714366
400,u922617394379591680,followers,u258087566
401,u1139299696328007680,followers,u3568193592
402,u48166977,following,u315029891
403,u3384328197,following,u3188039702
404,u1262864964072755201,followers,u1414168497588998145
405,u799145528,following,u2397208592
406,u192589318,following,u20961901
407,u70010298,following,u1245876110
408,u435105622,following,u828193454
409,u1645008468,following,u37781348
410,u1000524625892212742,following,u1566028140
411,u124810572,followers,u18612002
412,u858114187893116929,following,u2263368610
413,u2492917412,followers,u1976622337
414,u3301884766,following,u59811175
415,u594661781,followers,u433622293
416,u14278978,following,u14146966
417,u4890000754,following,u1284042607
418,u184413447,followers,u2449796240
419,u245424983,following,u3107986683
420,u14351515,following,u1482581556
421,u721940682307452928,following,u3297176788
422,u356912920,following,u166173667
423,u243292912,following,u391983313
424,u47519455,following,u4809154848
425,u1102052803638255617,followers,u385642271
426,u1179406524705333252,followers,u981677611
427,u32302688,following,u831077559299346432
428,u31387911,following,u153179305
429,u1156564906289881091,followers,u2755969933
430,u18739443,followers,u24713327
431,u470129898,following,u4654318823
432,u1135035413540855809,following,u145107843
433,u1245531962,following,u110445334
434,u452850112,following,u787960218839810048
435,u731478516181565440,following,u739196239
436,u748185011191316480,followers,u220291005
437,u1112166239219171328,followers,u1405308323524759555
438,u1427516209268858880,followers,u1372878390672420867
439,u14666934,following,u50569645
440,u1681624476,following,u1558283664
441,u1093871985581572096,followers,u1422157283413446659
442,u1255160104250458112,followers,u1418522924026417155
443,u1255160104250458112,followers,u1393972126206644227
444,u1095062685417422848,followers,u1257367414641250307
445,u1095062685417422848,followers,u1437110339917828099
446,u852058527988428800,followers,u1208028608209575939
447,u1307070289952608258,following,u578315409
448,u124176132,following,u84364416
449,u14789042,following,u27792033
450,u3743398212,following,u2875077803
451,u902120672,following,u225189569
452,u6549332,following,u197493438
453,u1473683233871179787,following,u16597587
454,u170861207,following,u44536683
455,u1118325457990983681,following,u160195775
456,u2985238359,following,u973622971028987904
457,u2985238359,following,u1156572513679433728
458,u2985238359,following,u1134219846298886144
459,u2985238359,following,u1013802741272141824
460,u1241395122,following,u2575614229
461,u1055907624,following,u59031230
462,u799145528,following,u1108640256474132480
463,u93121635,following,u3459051
464,u877856679303434244,followers,u929843076268425216
465,u1031273115685466112,followers,u1433818532215730176
466,u1465616899,following,u1191577063
467,u2314443930,following,u10168082
468,u743917727820058626,following,u503452360
469,u1409043813943943172,followers,u951000922213306368
470,u320239495,following,u1193983696627544065
471,u876895425835479041,following,u1904583252
472,u14337607,following,u18518096
473,u1187089232902246400,following,u15764644
474,u52735622,followers,u1262479140160241664
475,u3473022974,followers,u2688973478
476,u228159567,following,u3351790911
477,u43939164,following,u5695632
478,u3634881197,following,u1367912887
479,u267753999,followers,u1433505537396727816
480,u872128315,followers,u1237152212184334337
481,u383680513,following,u20177423
482,u796974685288157184,followers,u18909264
483,u896105184,following,u15066271
484,u181041474,followers,u1310317714670403584
485,u458580088,followers,u734922361242324992
486,u965556224283627520,followers,u2932474785
487,u2872029575,followers,u3141788489
488,u458580088,followers,u763206812636221440
489,u1055100119270522880,followers,u4176410603
490,u1433632777648414736,following,u1039669119396851714
491,u1103430570250395648,following,u3063892619
492,u20538904,following,u4174351036
493,u321596887,followers,u17068286
494,u2975579890,following,u566456396
495,u196745496,followers,u36631957
496,u63526140,following,u318105149
497,u16934594,following,u1308480053349556224
498,u16934594,following,u908226487928594432
499,u3225863298,following,u136166720
500,u1049287639474610176,following,u1343095100
501,u868576481693270017,following,u327577091
502,u81635029,following,u785766
503,u1617006026,following,u100394466
504,u35410744,followers,u417085651
505,u1072742542980988928,followers,u947800699
506,u3634881197,following,u1260006638037147650
507,u703449628792979456,following,u314723679
508,u1212524335174311936,followers,u29706412
509,u1083828037014106112,following,u15363129
510,u17593500,following,u225265639
511,u729517590305898496,followers,u136055830
512,u387900968,following,u2332024057
513,u1076526138736951298,followers,u1060796083260047362
514,u1182263593397567490,followers,u1109943056420257794
515,u1303777844133150720,following,u256309767
516,u149188612,following,u788898706586275840
517,u1430393813588226052,following,u1287486575786577920
518,u2829932277,following,u38797799
519,u3647740459,following,u996738214068146176
520,u3647740459,following,u917535052665376768
521,u3647740459,following,u1022424681662566400
522,u3214498797,following,u2810688646
523,u3285119581,following,u3119703681
524,u1120219494,following,u28370738
525,u32660559,following,u543033126
526,u815163721471299586,followers,u549450240
527,u2608768125,followers,u745011926158163968
528,u35206553,following,u54617733
529,u911514942335012864,following,u50343115
530,u798129625,following,u309741089
531,u73125667,followers,u15221343
532,u6392972,following,u1362368612
533,u16465385,following,u2993994029
534,u1023224693795381251,following,u6503412
535,u15566901,following,u29261021
536,u17393790,followers,u1963452751
537,u1311650703052476416,following,u230185453
538,u225861086,following,u3142564720
539,u302260456,followers,u578844556
540,u1172249781332336641,following,u39986021
541,u17629694,following,u81538231
542,u16432203,following,u460401829
543,u1135035413540855809,following,u15985111
544,u713479040913555457,following,u24258355
545,u36670025,following,u701725963
546,u876708692,following,u1253793494
547,u1138704841767882753,following,u16712223
548,u38900042,following,u248282134
549,u138814032,followers,u1453406422339883017
550,u2931998648,following,u183286926
551,u15608380,followers,u1041522594720239616
552,u387900968,following,u41035248
553,u353979665,following,u2235729541
554,u15608380,followers,u1105959942119477248
555,u4716741132,following,u136646907
556,u1581645991,following,u334470578
557,u304856046,followers,u2737588808
558,u36991951,following,u14209454
559,u185410498,followers,u205323122
560,u1015681547415031808,following,u981888165148614656
561,u194456924,followers,u4174965299
562,u2698179823,followers,u81995523
563,u446620951,followers,u3192185109
564,u17487013,following,u858845101
565,u2445809510,following,u2471748162
566,u1005370056413413376,followers,u292378260
567,u14839109,following,u16261707
568,u3225530490,following,u4920487960
569,u71454567,followers,u28447903
570,u1047260318890483712,following,u4224144741
571,u830935388759810048,following,u4224144741
572,u1720046887,followers,u1485110511574589440
573,u62818640,following,u804075344
574,u48529642,following,u42531023
575,u1559610186,following,u8963722
576,u172085616,following,u14079763
577,u31095444,following,u3586923313
578,u100828637,followers,u970691585498386434
579,u710606442143883265,followers,u16181396
580,u953821322668322817,following,u2551055478
581,u1340330459071471617,followers,u1383993372801605639
582,u3197017998,following,u401954827
583,u523332812,followers,u1029162044342321152
584,u8594952,following,u41860681
585,u12425912,followers,u48176841
586,u225895485,followers,u1443919701575409673
587,u373891124,followers,u855697714021105664
588,u836912308127469570,followers,u4926409928
589,u373891124,followers,u906840054932406272
590,u373891124,followers,u1238342446037303296
591,u1681624476,followers,u927291488861609984
592,u1337826628001538050,following,u731230781406859264
593,u1397511107472990210,following,u1395496693202833408
594,u15474568,following,u1912395307
595,u5750832,followers,u303404407
596,u827789521,followers,u1128624282022629376
597,u1181886724609323008,followers,u809699650953482240
598,u1924484352,following,u2583287312
599,u95476658,following,u20235370
600,u1388152776002347008,followers,u1318186999627513856
601,u827789521,followers,u1120106966838333440
602,u140203785,following,u59747041
603,u1044725817908109312,followers,u1234854495252774912
604,u1163064934122627072,following,u108562854
605,u2482888200,following,u2317985307
606,u167676641,following,u13338292
607,u1080800000379113472,following,u15801906
608,u1243101630,following,u222621266
609,u1411941436702957569,followers,u4838140174
610,u28818671,followers,u1282014745
611,u528020973,following,u1194578473601437697
612,u91525942,following,u519321215
613,u37924398,following,u134871575
614,u290004768,followers,u1456751771590828046
615,u52138061,following,u883019018436845570
616,u882235051,following,u2222178930
617,u185410498,following,u24558517
618,u207465671,followers,u823335972
619,u93004355,following,u3171307067
620,u539219365,following,u37659695
621,u2624101468,followers,u1316440437385822209
622,u301628954,followers,u3525338235
623,u3197017998,followers,u285509834
624,u87485632,following,u1195080175
625,u936224248586211329,following,u16700853
626,u28656166,following,u1041404285811154946
627,u2197522164,following,u221938964
628,u4218360677,followers,u261346278
629,u297124473,following,u531818695
630,u5404442,following,u30354991
631,u2995155201,following,u951442837295509505
632,u2995155201,following,u1292024185376649217
633,u2995155201,following,u890547119483957249
634,u1142302240180281345,following,u11348282
635,u405180673,following,u1017318347866853377
636,u326912209,following,u42212356
637,u198194549,followers,u944975432
638,u937027385505058822,followers,u2244891990
639,u1411619089,following,u2707961760
640,u318976741,followers,u167040325
641,u4338481,following,u1018734414245720065
642,u1070298837384876033,followers,u19707526
643,u1170507797160554497,followers,u179541638
644,u63614947,following,u468122115
645,u1708383414,following,u1434674691264942083
646,u156981152,followers,u10221
647,u8932272,following,u18881614
648,u3915253634,following,u1321062394722922497
649,u1286341463597604864,followers,u2975359734
650,u3317513744,following,u31524543
651,u1389232927154884610,following,u2254236379
652,u1168803431471091712,followers,u1301616528756965376
653,u1171690670786056192,followers,u1301629040839753728
654,u875776212341329920,followers,u838315198612111360
655,u224043416,followers,u52685240
656,u1359533155791863815,following,u1400995369903869952
657,u1245136726626119687,following,u1468298822497746944
658,u1429068712540196871,following,u702688843934277632
659,u1429068712540196871,following,u756073372908331008
660,u1445112015559831574,following,u1437107426675789827
661,u1445112015559831574,following,u1436345126838734851
662,u6535212,following,u16801053
663,u1445112015559831574,following,u1392268635293487107
664,u784890784273215488,following,u1051396218
665,u212165919,following,u35758259
666,u35034750,following,u97867026
667,u80361644,following,u1205226529455632385
668,u1963617619,followers,u238675940
669,u2502019975,followers,u139491160
670,u3935828893,following,u2886551498
671,u352543858,following,u63622909
672,u10078042,followers,u763503721149976576
673,u10078042,followers,u1129279004823867392
674,u1144616238808752129,followers,u2561298974
675,u746726308651081728,followers,u226687487
676,u16887429,followers,u1479497659950018562
677,u34204473,following,u74720685
678,u885043239832756224,following,u2869101210
679,u1003004687573020672,following,u1322810145823481856
680,u1003004687573020672,following,u1198373197059678208
681,u949778836048277504,following,u1311006642864087040
682,u1404478470940397576,following,u303733727
683,u745052936951078918,following,u23828209
684,u777268777520168961,following,u4699719036
685,u597511633,followers,u11296872
686,u30198750,followers,u575932743
687,u922617394379591680,following,u153196789
688,u987088439463088128,following,u153196789
689,u46347027,followers,u3042711
690,u392608775,following,u572284331
691,u14837164,followers,u1217842412430798851
692,u16620874,followers,u1047898380322701312
693,u14914101,following,u14641944
694,u3401470906,following,u275104144
695,u5399142,followers,u235536857
696,u1412045425,following,u202533868
697,u1232592111540654082,following,u1557845910
698,u811538725192826884,followers,u7461152
699,u2962443429,following,u499955425
700,u331297886,followers,u875760348
701,u999494433409261573,following,u38146999
702,u1340222386961051651,following,u63873759
703,u1588276453,followers,u3605873660
704,u87657446,followers,u750022168675688449
705,u713855504393617408,followers,u3230000247
706,u60,following,u4196983835
707,u574364219,followers,u1321026715309789190
708,u80361644,following,u262799941
709,u20813318,following,u8847052
710,u2381064942,following,u109669677
711,u70915224,following,u53732896
712,u780594449655005184,following,u22389244
713,u23053980,following,u21341817
714,u2924521080,following,u484446271
715,u419037620,following,u53933574
716,u89421328,following,u2738351350
717,u2753232592,following,u353472911
718,u112733139,following,u470983439
719,u888088314019930112,following,u17670138
720,u26555611,following,u1021959193698467843
721,u1230176707115659267,following,u497511506
722,u164152691,following,u197604976
723,u4939401,followers,u98652139
724,u1271007323541176321,followers,u1237258273
725,u995695514,followers,u4471061357
726,u1968807138,following,u145489137
727,u546832231,following,u190408726
728,u16631767,followers,u2891438703
729,u500073790,following,u240851123
730,u113015471,following,u190246525
731,u1003004687573020672,following,u3290364847
732,u2672671078,following,u8164582
733,u135647562,following,u1654028330
734,u229389391,following,u330136233
735,u852827102,followers,u1241195852556914691
736,u1216098034502787073,following,u178563985
737,u1280901258874884098,followers,u2284917140
738,u972068300,following,u118197667
739,u14166395,following,u657863
740,u3305395701,followers,u1343938259194359808
741,u974697596085329921,followers,u4917098537
742,u17328600,following,u1167122150
743,u3291306041,following,u114942930
744,u951329744804392960,following,u3309766807
745,u1263166567,following,u10228272
746,u2381064942,following,u73238146
747,u1197478591686217731,following,u19659101
748,u19778050,followers,u1303083817821970434
749,u541741212,followers,u3024749475
750,u1006288914485833731,followers,u1004172851119783943
751,u1421184249659596813,following,u1358428900691386370
752,u269780940,following,u957805050
753,u2576060983,followers,u390016723
754,u1184076585344884738,followers,u1196342713278509056
755,u1331701204234199042,followers,u1240680148313288704
756,u1229052022885900290,followers,u1170984406263246848
757,u1229052022885900290,followers,u1426780587650691072
758,u408683294,following,u19717082
759,u2592325153,following,u1470944601309528072
760,u1295839946025115648,following,u2466899838
761,u27883145,following,u18713314
762,u17065799,followers,u1229364405730783232
763,u1380190106208890884,following,u1131631973288615942
764,u1380190106208890884,following,u1291856894727004166
765,u128098218,following,u2268963338
766,u26507958,following,u157921284
767,u1431564906596388864,followers,u982767511698530304
768,u44874400,followers,u1484222249469100034
769,u38937194,following,u25950355
770,u1356653842926952449,following,u172850135
771,u413284225,followers,u64667830
772,u196745496,followers,u19305937
773,u64810943,following,u73273614
774,u725442233189732352,following,u85605334
775,u723643103341645824,following,u85605334
776,u826688566134706177,followers,u981915792886370304
777,u1189972333772955650,following,u16246688
778,u34908698,following,u2723451553
779,u942687815279800320,following,u2858762140
780,u16444303,following,u939091
781,u2817513636,following,u15619449
782,u2975579890,followers,u19090293
783,u31656892,following,u2550576708
784,u1601615208,followers,u4105240514
785,u222138104,followers,u930984916866625536
786,u764746145918771200,following,u809479999296335872
787,u764746145918771200,following,u922860750368108544
788,u3301884766,following,u268919557
789,u926332703284310016,following,u1044298030512570368
790,u1584182978,following,u410070653
791,u745052936951078918,following,u3355313961
792,u24741685,following,u14978616
793,u31672638,following,u119460225
794,u21513512,following,u76772442
795,u783792992,following,u16950628
796,u3176239377,following,u4567363769
797,u713090149609934848,followers,u1380426029139828740
798,u826096463402905600,followers,u1407292948082049028
799,u905092134,followers,u1166362433763643392
800,u788533935886077952,followers,u1448642086056566788
801,u788533935886077952,followers,u1376447618918719492
802,u1212524335174311936,followers,u1410625177268981764
803,u47519455,following,u2151416029
804,u32492934,following,u74537529
805,u1392852658189344768,following,u468741166
806,u278020492,following,u20982910
807,u14839109,following,u835178526093488133
808,u1398008754738810886,following,u1354496976692371457
809,u1398008754738810886,following,u1119948160711974913
810,u1248672438860369926,following,u1169436009093849089
811,u266135518,following,u273399788
812,u380156815,following,u4541535439
813,u87485632,following,u1171852631238688768
814,u87485632,following,u1168995431281508352
815,u87485632,following,u1111189309191798784
816,u87485632,following,u1116759067391868928
817,u87485632,following,u1085827453891821568
818,u272238609,following,u335939030
819,u2295554268,following,u15363432
820,u2308211672,following,u36074231
821,u1371508961229279244,following,u1442227707245305860
822,u22795742,following,u16925067
823,u876400777,following,u21410687
824,u140491884,following,u979432937270718464
825,u140491884,following,u1200245876691742720
826,u147977670,following,u32379544
827,u1461291061473542147,following,u1470944601309528072
828,u1106209087,followers,u3305754231
829,u63815425,followers,u1138122471935172608
830,u1132608658087567360,followers,u32528318
831,u234764852,followers,u992064945020907520
832,u234764852,followers,u732644550792097792
833,u234764852,followers,u1106128820816490496
834,u234764852,followers,u1256568420134465536
835,u905840140052025344,following,u1003571474
836,u722711827650633729,followers,u1060104844969758721
837,u905399486,following,u146958450
838,u802228101782573056,following,u319118333
839,u1413545724978122753,followers,u1432024457682378753
840,u1413545724978122753,followers,u1435774973625262081
841,u2596589880,following,u830891475395293184
842,u1232499645701672961,followers,u1146630448786726913
843,u1144616238808752129,followers,u1312718662969839617
844,u1144616238808752129,followers,u1001109752263462913
845,u721723453041156097,followers,u415021912
846,u1172249781332336641,following,u13712792
847,u935656379104161792,followers,u480404707
848,u1129880305442017280,followers,u1246253178984624128
849,u953186687261134848,followers,u1192371828750053376
850,u1232682548209344512,followers,u1293209086939496448
851,u14275261,following,u122111410
852,u16934594,following,u171003948
853,u1392051247012712450,following,u1394448484091236354
854,u46335511,following,u72915722
855,u1015681547415031808,following,u14882554
856,u1195427099043155970,following,u1030589455587889154
857,u239420779,following,u18918483
858,u1128242541348802560,following,u113298795
859,u812926437032390656,followers,u1452321373234376705
860,u1209001208846917632,following,u86626845
861,u1246623062797230080,following,u86626845
862,u868576481693270017,followers,u29391630
863,u2240302784,following,u560715704
864,u355821673,followers,u17039813
865,u24001655,followers,u225267538
866,u948661949629456384,followers,u2505271093
867,u92152953,followers,u1407305598539022340
868,u43300047,following,u821784477076750338
869,u615595875,following,u47680950
870,u1430247798507671555,followers,u579684200
871,u45869761,followers,u1008839432512958464
872,u14310733,following,u22998311
873,u1153027934,followers,u1384207080
874,u1278390703320715264,following,u2362502461
875,u918521012614057984,following,u2362502461
876,u1438889170756243458,followers,u1416436380964573191
877,u1089896112515964928,followers,u2375821987
878,u1403349174893096965,following,u1481672838230724621
879,u745618491429031936,following,u741280391491948545
880,u1481630690126942208,following,u1202683638308950017
881,u49356506,following,u1055236616854286336
882,u10285352,followers,u23227706
883,u4561161202,following,u804875840026767360
884,u3042470970,following,u1460416472
885,u4120985057,followers,u437174272
886,u34713362,following,u100531396
887,u713479040913555457,following,u17023380
888,u268718494,following,u41715684
889,u854085236,followers,u62966362
890,u1030528615,following,u25990086
891,u2623061992,following,u2799708400
892,u113502611,followers,u1001020715888455681
893,u515865890,following,u1177362292104683520
894,u515865890,following,u1229833075141566464
895,u1022084347,following,u127059347
896,u515865890,following,u1329617212953518080
897,u515865890,following,u1326507955567648768
898,u1042810503238754304,followers,u35354684
899,u912098329,followers,u1022653031463231488
900,u446719282,following,u287568380
901,u818892614,followers,u365414988
902,u36327407,following,u52339151
903,u74236454,followers,u26064854
904,u1084955158407188488,followers,u1482181888676712449
905,u1197776407641935872,following,u37601149
906,u1033103646475595776,following,u1626028982
907,u1297627095330242561,following,u870038005
908,u1104407359001026560,following,u272979658
909,u751844218985865216,following,u12151932
910,u46575796,following,u20527466
911,u916457738963742720,followers,u1096094896736428032
912,u802962842177728512,followers,u990229255392059392
913,u213410467,followers,u834318158
914,u1483970757722091524,following,u216065430
915,u804264419022766080,following,u1062076877462999042
916,u1395178701814382592,following,u34262395
917,u320222380,following,u19329393
918,u1087242450886905856,following,u1439714890701316098
919,u72529967,following,u226137180
920,u14968475,following,u532241456
921,u974144123480494080,following,u1455277635504939010
922,u993534145,following,u836644759
923,u998025254806147072,following,u897142437344419842
924,u20898564,following,u40353407
925,u29469782,followers,u979830716258291714
926,u14310733,following,u71048726
927,u1093746969208442880,following,u52092687
928,u1021428436886343680,followers,u1316019709
929,u29469782,followers,u892366930287497218
930,u47122016,followers,u3214331029
931,u169686021,following,u184910040
932,u2196348115,followers,u269846882
933,u21127724,following,u76997832
934,u2567832510,following,u92708272
935,u1185383760528723968,following,u1255627203468918784
936,u2418383227,followers,u1043526602443960326
937,u1406009710197739640,following,u1332789033680900097
938,u1406009710197739640,following,u1394412359318376449
939,u1041899640,following,u1024014904653750273
940,u1063589010,followers,u1277490265973022721
941,u1400514057069895683,following,u997167399240683521
942,u1400514057069895683,following,u802832703301308417
943,u1400514057069895683,following,u1052553501170159617
944,u1066751672427454467,following,u1340296936503595009
945,u474154291,following,u96149284
946,u43939164,following,u79028016
947,u981062594,following,u17753033
948,u23615111,followers,u1387839187169185795
949,u75885708,followers,u254758607
950,u1129098630508568576,following,u6503412
951,u1438296968,following,u564859781
952,u10264542,following,u26667941
953,u1234111103078191104,following,u551802647
954,u14789042,followers,u1252677247955357697
955,u2672671078,followers,u632815919
956,u1473546582264004610,following,u1438768032076156933
957,u165344557,following,u808051518242979841
958,u165344557,following,u763057647536996353
959,u1298143076,followers,u964494038572453889
960,u16659187,followers,u18408919
961,u405124125,following,u14708747
962,u914829130314723329,following,u1069645312128626688
963,u206743057,following,u1252752624828534786
964,u206743057,following,u1079871661720195074
965,u712696265071407104,following,u397216844
966,u90497345,followers,u1543350175
967,u1301556273993793536,following,u29873662
968,u1210097457025040384,following,u29873662
969,u1097337516053544960,following,u29873662
970,u81289660,following,u146904949
971,u876892868,following,u39047949
972,u23112236,following,u135515077
973,u338099920,followers,u1111084358427910146
974,u4319296344,following,u551119301
975,u17469266,followers,u983500608115064832
976,u2762298337,following,u1091042849561473031
977,u193659574,followers,u953074060237393921
978,u887365783105359876,followers,u2325736448
979,u20234549,followers,u2610191
980,u1408554274947207185,followers,u1312499986471550986
981,u14095344,followers,u1146792445042208768
982,u14095344,followers,u1425124199128084480
983,u2173030009,following,u15588657
984,u583037034,following,u742143
985,u2943088202,following,u15353236
986,u17178393,following,u21786618
987,u1021834537314209792,following,u54290504
988,u738157842423635970,followers,u1399104034741555214
989,u1213080009864171525,following,u695970577350336514
990,u83046427,followers,u45520308
991,u1448739324,following,u247458453
992,u1230462958020460544,following,u78767466
993,u33333620,following,u14298769
994,u790959772468072453,followers,u1213867000771907585
995,u4693655024,following,u2948721856
996,u3408606059,following,u370316978
997,u31137628,following,u1265655077135499265
998,u789891110,following,u719057596540461057
999,u713090149609934848,following,u1169779396682502144
